{"cameraMode":{"drawMode":0,"name":"Shaded","section":"Shading Mode"},"sceneLighting":true,"audioPlay":false,"sceneViewState":{"m_AlwaysRefresh":false,"showFog":true,"showSkybox":true,"showFlares":true,"showImageEffects":true,"showParticleSystems":true,"showVisualEffectGraphs":true,"m_FxEnabled":true},"in2DMode":false,"pivot":{"x":2.507206439971924,"y":5.510514259338379,"z":-17.399707794189454},"rotation":{"x":0.22189736366271974,"y":0.6552354097366333,"z":-0.21046987175941468,"w":0.6907791495323181},"size":11.124367713928223,"orthographic":false}